"--large-name5--","TopologyContext(StormTopology,Map,Map<Integer,String>,Map<String,List<Integer>>,Map<String,Map<String,Fields>>,String,String,String,Integer,Integer,List<Integer>,Map<String,Object>,Map<String,Object>,Map<String,Object>,Map,clojure.lang.Atom)"
"--large-name3--","killTopologyWithOpts_call(String,KillOptions,org.apache.thrift7.async.AsyncMethodCallback<killTopologyWithOpts_call>,org.apache.thrift7.async.TAsyncClient,org.apache.thrift7.protocol.TProtocolFactory,org.apache.thrift7.transport.TNonblockingTransport)"
"--large-name12--","getComponentPendingProfileActions_call(String,String,ProfileAction,org.apache.thrift.async.AsyncMethodCallback,org.apache.thrift.async.TAsyncClient,org.apache.thrift.protocol.TProtocolFactory,org.apache.thrift.transport.TNonblockingTransport)"
"--large-name9--","getTopologyInfoWithOpts_call(String,GetInfoOptions,org.apache.thrift.async.AsyncMethodCallback<getTopologyInfoWithOpts_call>,org.apache.thrift.async.TAsyncClient,org.apache.thrift.protocol.TProtocolFactory,org.apache.thrift.transport.TNonblockingTransport)"
"--large-name13--","TopologyContext(StormTopology,Map,Map<Integer,String>,Map<String,List<Integer>>,Map<String,Map<String,Fields>>,String,String,String,Integer,Integer,List<Integer>,Map<String,Object>,Map<String,Object>,Map<String,Object>,Map<Integer,Map<Integer,Map<String,IMetric>>>,AtomicBoolean)"
"--large-name6--","killTopologyWithOpts_call(String,KillOptions,org.apache.thrift.async.AsyncMethodCallback<killTopologyWithOpts_call>,org.apache.thrift.async.TAsyncClient,org.apache.thrift.protocol.TProtocolFactory,org.apache.thrift.transport.TNonblockingTransport)"
"--large-name4--","submitTopologyWithOpts_call(String,String,String,StormTopology,SubmitOptions,org.apache.thrift7.async.AsyncMethodCallback<submitTopologyWithOpts_call>,org.apache.thrift7.async.TAsyncClient,org.apache.thrift7.protocol.TProtocolFactory,org.apache.thrift7.transport.TNonblockingTransport)"
"--large-name8--","uploadNewCredentials_call(String,Credentials,org.apache.thrift.async.AsyncMethodCallback<uploadNewCredentials_call>,org.apache.thrift.async.TAsyncClient,org.apache.thrift.protocol.TProtocolFactory,org.apache.thrift.transport.TNonblockingTransport)"
"--large-name11--","TopologyContext(StormTopology,Map,Map<Integer,String>,Map<String,List<Integer>>,Map<String,Map<String,Fields>>,String,String,String,Integer,Integer,List<Integer>,Map<String,Object>,Map<String,Object>,Map<String,Object>,Map<Integer,Map<Integer,Map<String,IMetric>>>,clojure.lang.Atom)"
"--large-name2--","submitTopology_call(String,String,String,StormTopology,org.apache.thrift7.async.AsyncMethodCallback<submitTopology_call>,org.apache.thrift7.async.TAsyncClient,org.apache.thrift7.protocol.TProtocolFactory,org.apache.thrift7.transport.TNonblockingTransport)"
"--large-name1--","submitTopology_call(String,String,String,StormTopology,org.apache.thrift.async.AsyncMethodCallback<submitTopology_call>,org.apache.thrift.async.TAsyncClient,org.apache.thrift.protocol.TProtocolFactory,org.apache.thrift.transport.TNonblockingTransport)"
"--large-name7--","submitTopologyWithOpts_call(String,String,String,StormTopology,SubmitOptions,org.apache.thrift.async.AsyncMethodCallback<submitTopologyWithOpts_call>,org.apache.thrift.async.TAsyncClient,org.apache.thrift.protocol.TProtocolFactory,org.apache.thrift.transport.TNonblockingTransport)"
"--large-name10--","submitTopologyWithOpts_call(String,String,String,StormTopology,SubmitOptions,org.apache.thrift.async.AsyncMethodCallback,org.apache.thrift.async.TAsyncClient,org.apache.thrift.protocol.TProtocolFactory,org.apache.thrift.transport.TNonblockingTransport)"